<?xml version="1.0"?>
<doc>
    <assembly>
        <name>WindowsApp1</name>
    </assembly>
    <members>
        <member name="P:WindowsApp1.Form1.Default">
            <summary>
            Added by the VB.Net to C# Converter to support default instance behavour in C#
            </summary>
        </member>
        <member name="T:My.Resources.Resources">
            <summary>
              A strongly-typed resource class, for looking up localized strings, etc.
            </summary>
        </member>
        <member name="P:My.Resources.Resources.ResourceManager">
            <summary>
              Returns the cached ResourceManager instance used by this class.
            </summary>
        </member>
        <member name="P:My.Resources.Resources.Culture">
            <summary>
              Overrides the current thread's CurrentUICulture property for all
              resource lookups using this strongly typed resource class.
            </summary>
        </member>
        <member name="P:My.Resources.Resources.cross">
            <summary>
              Looks up a localized resource of type System.Drawing.Bitmap.
            </summary>
        </member>
        <member name="P:My.Resources.Resources.Tick">
            <summary>
              Looks up a localized resource of type System.Drawing.Bitmap.
            </summary>
        </member>
    </members>
</doc>
